<?xml version="1.0" encoding="UTF-8"?>
<carrito>
    <producto>
        <id>1</id>
        <nombre>mantequilla</nombre>
        <precio>2</precio>
        <cantidad>1</cantidad>
    </producto>
    <producto>
        <id>2</id>
        <nombre>cacahuetes</nombre>
        <precio>1</precio>
        <cantidad>1</cantidad>
    </producto>
    <producto>
        <id>3</id>
        <nombre>manzana</nombre>
        <precio>3</precio>
        <cantidad>1</cantidad>
    </producto>
    <producto>
        <id>4</id>
        <nombre>jamon</nombre>
        <precio>10</precio>
        <cantidad>1</cantidad>
    </producto>
    <producto>
        <id>5</id>
        <nombre>pomelo</nombre>
        <precio>5</precio>
        <cantidad>1</cantidad>
    </producto>

</carrito>
