<?xml version="1.0"?>
<connections>
    <connection>
        <user>a</user>
        <date>2024-10-07 18:50:59</date>
    </connection>
    <connection>
        <user>user2</user>
        <date>2024-10-07 18:57:19</date>
    </connection>
    <connection>
        <user>user1</user>
        <date>2024-10-07 18:57:59</date>
    </connection>
    <connection>
        <user>user1</user>
        <date>2024-10-07 19:01:26</date>
    </connection>
    <connection>
        <user>user1</user>
        <date>2024-10-07 19:01:48</date>
    </connection>
    <connection>
        <user>user1</user>
        <date>2024-10-07 19:02:28</date>
    </connection>
    <connection>
        <user>user1</user>
        <date>2024-10-07 19:03:33</date>
    </connection>
    <connection>
        <user>user2</user>
        <date>2024-10-07 19:03:47</date>
    </connection>
    <connection>
        <user>user2</user>
        <date>2024-10-07 19:06:16</date>
    </connection>
    <connection>
        <user>user2</user>
        <date>2024-10-07 19:13:42</date>
    </connection>
    <connection>
        <user>user2</user>
        <date>2024-10-07 19:21:04</date>
    </connection>
    <connection>
        <user>user2</user>
        <date>2024-10-07 19:35:06</date>
    </connection>
    <connection>
        <user>user2</user>
        <date>2024-10-07 19:39:31</date>
    </connection>
    <connection>
        <user>user2</user>
        <date>2024-10-07 19:40:13</date>
    </connection>
</connections>