<?xml version="1.0"?>
<connections>
    <connection>
        <user>1</user>
        <date>2024-10-19 20:43:55</date>
    </connection>
    <connection>
        <user>1</user>
        <date>2024-10-19 21:11:12</date>
    </connection>
    <connection>
        <user>2</user>
        <date>2024-10-19 21:14:54</date>
    </connection>
    <connection>
        <user>1</user>
        <date>2024-10-19 21:17:20</date>
    </connection>
    <connection>
        <user>1</user>
        <date>2024-10-19 21:25:43</date>
    </connection>
<connection><user>1</user><date>2024-10-21 18:36:43</date></connection><connection><user>1</user><date>2024-10-21 19:03:28</date></connection><connection><user>1</user><date>2024-10-21 19:19:13</date></connection><connection><user>1</user><date>2024-10-21 19:27:15</date></connection><connection><user>1</user><date>2024-10-21 19:32:23</date></connection><connection><user>1</user><date>2024-10-21 19:37:27</date></connection><connection><user>1</user><date>2024-10-21 19:43:22</date></connection><connection><user>1</user><date>2024-10-21 19:49:41</date></connection><connection><user>1</user><date>2024-10-21 20:05:32</date></connection><connection><user>1</user><date>2024-10-21 20:37:21</date></connection></connections>
