<?xml version="1.0"?>
<catalog>
    <product>
        <idProd>1</idProd>
        <prodName>pepino</prodName>
        <qty>850</qty>
        <price>0.15</price>
        <prodCurrency>
            <currency>EU</currency>
        </prodCurrency>
    </product>
    <product>
        <idProd>2</idProd>
        <prodName>manzana</prodName>
        <qty>300</qty>
        <price>0.25</price>
        <prodCurrency>
            <currency>EU</currency>
        </prodCurrency>
    </product>
    <product>
        <idProd>3</idProd>
        <prodName>uva</prodName>
        <qty>9450</qty>
        <price>0.05</price>
        <prodCurrency>
            <currency>EU</currency>
        </prodCurrency>
    </product>
    <product>
        <idProd>4</idProd>
        <prodName>pera</prodName>
        <qty>950</qty>
        <price>0.15</price>
        <prodCurrency>
            <currency>EU</currency>
        </prodCurrency>
    </product>
    <product>
        <idProd>5</idProd>
        <prodName>pimiento</prodName>
        <qty>625</qty>
        <price>0.35</price>
        <prodCurrency>
            <currency>EU</currency>
        </prodCurrency>
    </product>
    <product>
        <idProd>6</idProd>
        <prodName>pi&#xF1;a</prodName>
        <qty>300</qty>
        <price>0.55</price>
        <prodCurrency>
            <currency>EU</currency>
        </prodCurrency>
    </product>
    <product>
        <idProd>7</idProd>
        <prodName>zanahoria</prodName>
        <qty>2950</qty>
        <price>0.15</price>
        <prodCurrency>
            <currency>EU</currency>
        </prodCurrency>
    </product>
    <product>
        <idProd>8</idProd>
        <prodName>seta</prodName>
        <qty>5300</qty>
        <price>0.05</price>
        <prodCurrency>
            <currency>EU</currency>
        </prodCurrency>
    </product>
    <product>
        <idProd>9</idProd>
        <prodName>naranja</prodName>
        <qty>2588</qty>
        <price>0.35</price>
        <prodCurrency>
            <currency>EU</currency>
        </prodCurrency>
    </product>
    <product>
        <idProd>10</idProd>
        <prodName>sandia</prodName>
        <qty>180</qty>
        <price>0.70</price>
        <prodCurrency>
            <currency>EU</currency>
        </prodCurrency>
    </product>
    <product>
        <idProd>11</idProd>
        <prodName>cebolla</prodName>
        <qty>4800</qty>
        <price>0.25</price>
        <prodCurrency>
            <currency>EU</currency>
        </prodCurrency>
    </product>
    <product>
        <idProd>12</idProd>
        <prodName>apio</prodName>
        <qty>2370</qty>
        <price>0.15</price>
        <prodCurrency>
            <currency>EU</currency>
        </prodCurrency>
    </product>
</catalog>
